item_id,reviewer_slot,reviewer_id,familiarity_0_4,conflict_description,exact_credit_match,permitted_provider_url,region_date_availability,access_failure,recording_fit_1_5,defining_role_central_recent_emerging_other,diversity_value_1_5,unsure,notes
R001,1,,,,,,,,,,,,
R001,2,,,,,,,,,,,,
R002,1,,,,,,,,,,,,
R002,2,,,,,,,,,,,,
R003,1,,,,,,,,,,,,
R003,2,,,,,,,,,,,,
R004,1,,,,,,,,,,,,
R004,2,,,,,,,,,,,,
R005,1,,,,,,,,,,,,
R005,2,,,,,,,,,,,,
R006,1,,,,,,,,,,,,
R006,2,,,,,,,,,,,,
R007,1,,,,,,,,,,,,
R007,2,,,,,,,,,,,,
R008,1,,,,,,,,,,,,
R008,2,,,,,,,,,,,,
R009,1,,,,,,,,,,,,
R009,2,,,,,,,,,,,,
R010,1,,,,,,,,,,,,
R010,2,,,,,,,,,,,,
R011,1,,,,,,,,,,,,
R011,2,,,,,,,,,,,,
R012,1,,,,,,,,,,,,
R012,2,,,,,,,,,,,,
R013,1,,,,,,,,,,,,
R013,2,,,,,,,,,,,,
R014,1,,,,,,,,,,,,
R014,2,,,,,,,,,,,,
R015,1,,,,,,,,,,,,
R015,2,,,,,,,,,,,,
R016,1,,,,,,,,,,,,
R016,2,,,,,,,,,,,,
R017,1,,,,,,,,,,,,
R017,2,,,,,,,,,,,,
R018,1,,,,,,,,,,,,
R018,2,,,,,,,,,,,,
R019,1,,,,,,,,,,,,
R019,2,,,,,,,,,,,,
R020,1,,,,,,,,,,,,
R020,2,,,,,,,,,,,,
R021,1,,,,,,,,,,,,
R021,2,,,,,,,,,,,,
R022,1,,,,,,,,,,,,
R022,2,,,,,,,,,,,,
R023,1,,,,,,,,,,,,
R023,2,,,,,,,,,,,,
R024,1,,,,,,,,,,,,
R024,2,,,,,,,,,,,,
R025,1,,,,,,,,,,,,
R025,2,,,,,,,,,,,,
R026,1,,,,,,,,,,,,
R026,2,,,,,,,,,,,,
R027,1,,,,,,,,,,,,
R027,2,,,,,,,,,,,,
R028,1,,,,,,,,,,,,
R028,2,,,,,,,,,,,,
R029,1,,,,,,,,,,,,
R029,2,,,,,,,,,,,,
R030,1,,,,,,,,,,,,
R030,2,,,,,,,,,,,,
R031,1,,,,,,,,,,,,
R031,2,,,,,,,,,,,,
R032,1,,,,,,,,,,,,
R032,2,,,,,,,,,,,,
R033,1,,,,,,,,,,,,
R033,2,,,,,,,,,,,,
R034,1,,,,,,,,,,,,
R034,2,,,,,,,,,,,,
R035,1,,,,,,,,,,,,
R035,2,,,,,,,,,,,,
R036,1,,,,,,,,,,,,
R036,2,,,,,,,,,,,,
