item_id,reviewer_slot,reviewer_id,familiarity_0_4,conflict_description,candidate_label_display,scope_broad_sub_micro,fit_1_5,confidence_1_5,evidence_recording_mbids,unsure,unsupported,access_failure,notes
M001,1,,,,,,,,,,,,
M001,2,,,,,,,,,,,,
M002,1,,,,,,,,,,,,
M002,2,,,,,,,,,,,,
M003,1,,,,,,,,,,,,
M003,2,,,,,,,,,,,,
M004,1,,,,,,,,,,,,
M004,2,,,,,,,,,,,,
M005,1,,,,,,,,,,,,
M005,2,,,,,,,,,,,,
M006,1,,,,,,,,,,,,
M006,2,,,,,,,,,,,,
M007,1,,,,,,,,,,,,
M007,2,,,,,,,,,,,,
M008,1,,,,,,,,,,,,
M008,2,,,,,,,,,,,,
M009,1,,,,,,,,,,,,
M009,2,,,,,,,,,,,,
M010,1,,,,,,,,,,,,
M010,2,,,,,,,,,,,,
M011,1,,,,,,,,,,,,
M011,2,,,,,,,,,,,,
M012,1,,,,,,,,,,,,
M012,2,,,,,,,,,,,,
M013,1,,,,,,,,,,,,
M013,2,,,,,,,,,,,,
M014,1,,,,,,,,,,,,
M014,2,,,,,,,,,,,,
M015,1,,,,,,,,,,,,
M015,2,,,,,,,,,,,,
M016,1,,,,,,,,,,,,
M016,2,,,,,,,,,,,,
M017,1,,,,,,,,,,,,
M017,2,,,,,,,,,,,,
M018,1,,,,,,,,,,,,
M018,2,,,,,,,,,,,,
M019,1,,,,,,,,,,,,
M019,2,,,,,,,,,,,,
M020,1,,,,,,,,,,,,
M020,2,,,,,,,,,,,,
M021,1,,,,,,,,,,,,
M021,2,,,,,,,,,,,,
M022,1,,,,,,,,,,,,
M022,2,,,,,,,,,,,,
M023,1,,,,,,,,,,,,
M023,2,,,,,,,,,,,,
M024,1,,,,,,,,,,,,
M024,2,,,,,,,,,,,,
M025,1,,,,,,,,,,,,
M025,2,,,,,,,,,,,,
M026,1,,,,,,,,,,,,
M026,2,,,,,,,,,,,,
M027,1,,,,,,,,,,,,
M027,2,,,,,,,,,,,,
M028,1,,,,,,,,,,,,
M028,2,,,,,,,,,,,,
M029,1,,,,,,,,,,,,
M029,2,,,,,,,,,,,,
M030,1,,,,,,,,,,,,
M030,2,,,,,,,,,,,,
M031,1,,,,,,,,,,,,
M031,2,,,,,,,,,,,,
M032,1,,,,,,,,,,,,
M032,2,,,,,,,,,,,,
M033,1,,,,,,,,,,,,
M033,2,,,,,,,,,,,,
M034,1,,,,,,,,,,,,
M034,2,,,,,,,,,,,,
M035,1,,,,,,,,,,,,
M035,2,,,,,,,,,,,,
M036,1,,,,,,,,,,,,
M036,2,,,,,,,,,,,,
M037,1,,,,,,,,,,,,
M037,2,,,,,,,,,,,,
M038,1,,,,,,,,,,,,
M038,2,,,,,,,,,,,,
M039,1,,,,,,,,,,,,
M039,2,,,,,,,,,,,,
M040,1,,,,,,,,,,,,
M040,2,,,,,,,,,,,,
M041,1,,,,,,,,,,,,
M041,2,,,,,,,,,,,,
M042,1,,,,,,,,,,,,
M042,2,,,,,,,,,,,,
M043,1,,,,,,,,,,,,
M043,2,,,,,,,,,,,,
M044,1,,,,,,,,,,,,
M044,2,,,,,,,,,,,,
M045,1,,,,,,,,,,,,
M045,2,,,,,,,,,,,,
M046,1,,,,,,,,,,,,
M046,2,,,,,,,,,,,,
M047,1,,,,,,,,,,,,
M047,2,,,,,,,,,,,,
M048,1,,,,,,,,,,,,
M048,2,,,,,,,,,,,,
M049,1,,,,,,,,,,,,
M049,2,,,,,,,,,,,,
M050,1,,,,,,,,,,,,
M050,2,,,,,,,,,,,,
M051,1,,,,,,,,,,,,
M051,2,,,,,,,,,,,,
M052,1,,,,,,,,,,,,
M052,2,,,,,,,,,,,,
M053,1,,,,,,,,,,,,
M053,2,,,,,,,,,,,,
M054,1,,,,,,,,,,,,
M054,2,,,,,,,,,,,,
M055,1,,,,,,,,,,,,
M055,2,,,,,,,,,,,,
M056,1,,,,,,,,,,,,
M056,2,,,,,,,,,,,,
M057,1,,,,,,,,,,,,
M057,2,,,,,,,,,,,,
M058,1,,,,,,,,,,,,
M058,2,,,,,,,,,,,,
M059,1,,,,,,,,,,,,
M059,2,,,,,,,,,,,,
M060,1,,,,,,,,,,,,
M060,2,,,,,,,,,,,,
