pair_item_id,reviewer_slot,reviewer_id,familiarity_0_4,conflict_description,candidate_A_display,candidate_B_display,popularity_baseline_display,preferred_candidate_A_B_tie_neither,cultural_relevance_1_5,sonic_relevance_1_5,confidence_1_5,unsupported_query,unsure,access_failure,notes
N001,1,,,,,,,,,,,,,,
N001,2,,,,,,,,,,,,,,
N002,1,,,,,,,,,,,,,,
N002,2,,,,,,,,,,,,,,
N003,1,,,,,,,,,,,,,,
N003,2,,,,,,,,,,,,,,
N004,1,,,,,,,,,,,,,,
N004,2,,,,,,,,,,,,,,
N005,1,,,,,,,,,,,,,,
N005,2,,,,,,,,,,,,,,
N006,1,,,,,,,,,,,,,,
N006,2,,,,,,,,,,,,,,
N007,1,,,,,,,,,,,,,,
N007,2,,,,,,,,,,,,,,
N008,1,,,,,,,,,,,,,,
N008,2,,,,,,,,,,,,,,
N009,1,,,,,,,,,,,,,,
N009,2,,,,,,,,,,,,,,
N010,1,,,,,,,,,,,,,,
N010,2,,,,,,,,,,,,,,
N011,1,,,,,,,,,,,,,,
N011,2,,,,,,,,,,,,,,
N012,1,,,,,,,,,,,,,,
N012,2,,,,,,,,,,,,,,
N013,1,,,,,,,,,,,,,,
N013,2,,,,,,,,,,,,,,
N014,1,,,,,,,,,,,,,,
N014,2,,,,,,,,,,,,,,
N015,1,,,,,,,,,,,,,,
N015,2,,,,,,,,,,,,,,
N016,1,,,,,,,,,,,,,,
N016,2,,,,,,,,,,,,,,
N017,1,,,,,,,,,,,,,,
N017,2,,,,,,,,,,,,,,
N018,1,,,,,,,,,,,,,,
N018,2,,,,,,,,,,,,,,
N019,1,,,,,,,,,,,,,,
N019,2,,,,,,,,,,,,,,
N020,1,,,,,,,,,,,,,,
N020,2,,,,,,,,,,,,,,
N021,1,,,,,,,,,,,,,,
N021,2,,,,,,,,,,,,,,
N022,1,,,,,,,,,,,,,,
N022,2,,,,,,,,,,,,,,
N023,1,,,,,,,,,,,,,,
N023,2,,,,,,,,,,,,,,
N024,1,,,,,,,,,,,,,,
N024,2,,,,,,,,,,,,,,
N025,1,,,,,,,,,,,,,,
N025,2,,,,,,,,,,,,,,
N026,1,,,,,,,,,,,,,,
N026,2,,,,,,,,,,,,,,
N027,1,,,,,,,,,,,,,,
N027,2,,,,,,,,,,,,,,
N028,1,,,,,,,,,,,,,,
N028,2,,,,,,,,,,,,,,
N029,1,,,,,,,,,,,,,,
N029,2,,,,,,,,,,,,,,
N030,1,,,,,,,,,,,,,,
N030,2,,,,,,,,,,,,,,
N031,1,,,,,,,,,,,,,,
N031,2,,,,,,,,,,,,,,
N032,1,,,,,,,,,,,,,,
N032,2,,,,,,,,,,,,,,
N033,1,,,,,,,,,,,,,,
N033,2,,,,,,,,,,,,,,
N034,1,,,,,,,,,,,,,,
N034,2,,,,,,,,,,,,,,
N035,1,,,,,,,,,,,,,,
N035,2,,,,,,,,,,,,,,
N036,1,,,,,,,,,,,,,,
N036,2,,,,,,,,,,,,,,
N037,1,,,,,,,,,,,,,,
N037,2,,,,,,,,,,,,,,
N038,1,,,,,,,,,,,,,,
N038,2,,,,,,,,,,,,,,
N039,1,,,,,,,,,,,,,,
N039,2,,,,,,,,,,,,,,
N040,1,,,,,,,,,,,,,,
N040,2,,,,,,,,,,,,,,
N041,1,,,,,,,,,,,,,,
N041,2,,,,,,,,,,,,,,
N042,1,,,,,,,,,,,,,,
N042,2,,,,,,,,,,,,,,
N043,1,,,,,,,,,,,,,,
N043,2,,,,,,,,,,,,,,
N044,1,,,,,,,,,,,,,,
N044,2,,,,,,,,,,,,,,
N045,1,,,,,,,,,,,,,,
N045,2,,,,,,,,,,,,,,
N046,1,,,,,,,,,,,,,,
N046,2,,,,,,,,,,,,,,
N047,1,,,,,,,,,,,,,,
N047,2,,,,,,,,,,,,,,
N048,1,,,,,,,,,,,,,,
N048,2,,,,,,,,,,,,,,
N049,1,,,,,,,,,,,,,,
N049,2,,,,,,,,,,,,,,
N050,1,,,,,,,,,,,,,,
N050,2,,,,,,,,,,,,,,
N051,1,,,,,,,,,,,,,,
N051,2,,,,,,,,,,,,,,
N052,1,,,,,,,,,,,,,,
N052,2,,,,,,,,,,,,,,
N053,1,,,,,,,,,,,,,,
N053,2,,,,,,,,,,,,,,
N054,1,,,,,,,,,,,,,,
N054,2,,,,,,,,,,,,,,
N055,1,,,,,,,,,,,,,,
N055,2,,,,,,,,,,,,,,
N056,1,,,,,,,,,,,,,,
N056,2,,,,,,,,,,,,,,
N057,1,,,,,,,,,,,,,,
N057,2,,,,,,,,,,,,,,
N058,1,,,,,,,,,,,,,,
N058,2,,,,,,,,,,,,,,
N059,1,,,,,,,,,,,,,,
N059,2,,,,,,,,,,,,,,
N060,1,,,,,,,,,,,,,,
N060,2,,,,,,,,,,,,,,
